Source_ID,Source_Name,Source_Type,GEOID,FIPS_Code,Long,Lat,zoneID,County,City,Region
27093X12318011,RUNKE'S FIELD,Airport,270935605003.0,93.0,-94.5714,44.9105,27093,MEEKER,Cedar Mills,Central
27093X12318311,LUX STRIP,Airport,270935606002.0,93.0,-94.7481,44.983,27093,MEEKER,Cosmos,Central
27093X12332311,L & M AERODROME,Airport,270935605001.0,93.0,-94.5792,45.0622,27093,MEEKER,Greenleaf,Central
27093X7139011,Litchfield Muni,Airport,270935602002.0,93.0,-94.507,45.097,27093,MEEKER,Darwin,Central
27095X11025711,MILACA MUNI,Airport,270951704001.0,95.0,-93.6322,45.7725,27095,MILLE LACS,Borgholm,Central
27095X11369411,SWIDERSKI FIELD,Airport,270959703001.0,95.0,-93.6614,46.0333,27095,MILLE LACS,Onamia,Central
27095X12335211,MILLE LACS,Airport,270959702002.0,95.0,-93.6625,46.073,27095,MILLE LACS,South Harbor,Central
27095X12453311,ISLE PRIVATE,Airport,270959701002.0,95.0,-93.4613,46.1597,27095,MILLE LACS,East Side,Central
27095X6962211,Princeton Muni,Airport,270951707002.0,95.0,-93.608,45.56,27095,MILLE LACS,Princeton,Central
27097X11024511,HINES FARM,Airport,270977801002.0,97.0,-94.5931,46.2372,27097,MORRISON,Scandia Valley,Northwest
27097X11058611,MOREY'S,Airport,270977801003.0,97.0,-94.6386,46.3236,27097,MORRISON,Motley,Northwest
27097X11094011,FUSSY,Airport,270977808002.0,97.0,-94.3408,45.7916,27097,MORRISON,Bowlus,Northwest
27097X11424711,RAY S MILLER AAF,Airport,270977802001.0,97.0,-94.3605,46.0912,27097,MORRISON,Cushing,Northwest
27097X12450311,KASTANEK,Airport,270977805001.0,97.0,-93.9894,45.9558,27097,MORRISON,Lakin,Northwest
27097X12453011,NORTH STAR RANCH,Airport,270977804003.0,97.0,-93.8472,46.0705,27097,MORRISON,Leigh,Northwest
27097X7116611,Little Falls/Morrison County-Lindbergh Fld,Airport,270977803002.0,97.0,-94.347,45.95,27097,MORRISON,Little Falls,Northwest
27099X11183911,RADLOFF'S CEDAR VIEW FARMS,Airport,270990013004.0,99.0,-93.0266,43.5459,27099,MOWER,Nevada,Southeast
27099X11258511,CALDBECK FIELD,Airport,270990014002.0,99.0,-92.4607,43.7052,27099,MOWER,Bennington,Southeast
27099X12332511,ST OLAF HOSPITAL,Airport,270990003002.0,99.0,-92.9771,43.6752,27099,MOWER,Austin,Southeast
27099X16082611,PETES,Airport,270990012001.0,99.0,-92.7245,43.746717,27099,MOWER,Sargeant,Southeast
27099X7016811,Austin Muni,Airport,270990010001.0,99.0,-92.93299,43.665,27099,MOWER,Windom,Southeast
27101X10956811,DAIRYVIEW,Airport,271019001002.0,101.0,-95.9095,44.055,27101,MURRAY,Lowville,Southwest
27101X11321411,SLAYTON MUNI,Airport,271019003002.0,101.0,-95.7826,43.9868,27101,MURRAY,Slayton,Southwest
27103X11207811,BUDDE,Airport,271034802002.0,103.0,-94.1133,44.2005,27103,NICOLLET,Belgrade,Southwest
27103X11382711,HAY SHAKERS,Airport,271034802001.0,103.0,-94.2133,44.2792,27103,NICOLLET,Granby,Southwest
27105X11370111,ROHWER,Airport,271051052001.0,105.0,-95.817,43.5983,27105,NOBLES,Larkin,Southwest
27105X7148511,Worthington Muni,Airport,271051054001.0,105.0,-95.579,43.65499,27105,NOBLES,Worthington,Southwest
27107X11258711,BRIDGES MEDICAL CENTER HOSPITAL,Airport,271079603002.0,107.0,-96.5303,47.2983,27107,NORMAN,McDonaldsville,Northwest
27107X11915311,CHRISTIANSON FIELD,Airport,271079602001.0,107.0,-96.7837,47.33,27107,NORMAN,Anthony,Northwest
27107X12309111,NORMAN COUNTY ADA/TWIN VALLEY,Airport,271079601004.0,107.0,-96.4003,47.2605,27107,NORMAN,Home Lake,Northwest
27107X12317111,HAMMARS FARM,Airport,271079603001.0,107.0,-96.617,47.2833,27107,NORMAN,Winchester,Northwest
27107X12451411,COMPRESSOR STATION 2207,Airport,271079603001.0,107.0,-96.5256,47.2402,27107,NORMAN,Winchester,Northwest
27109X11093911,VAN NORMAN'S,Airport,271090020005.0,109.0,-92.0929,44.0472,27109,OLMSTED,Viola,Southeast
27109X11270611,MINN D O T,Airport,271090014023.0,109.0,-92.5057,44.0722,27109,OLMSTED,Rochester,Southeast
27109X11285111,ST MARY'S HOSPITAL,Airport,271090004003.0,109.0,-92.4831,44.0198,27109,OLMSTED,Rochester,Southeast
27109X11367411,NIETZ AIRSTRIP,Airport,271090019004.0,109.0,-92.4527,44.1914,27109,OLMSTED,Oronoco,Southeast
27109X11382411,THOMAS FIELD,Airport,271090020003.0,109.0,-92.2466,43.9811,27109,OLMSTED,Dover,Southeast
27109X11721511,SCRABECK,Airport,271090022002.0,109.0,-92.5611,43.8666,27109,OLMSTED,Rock Dell,Southeast
27109X12038311,TRYGSTAD,Airport,271090009032.0,109.0,-92.3357,43.9961,27109,OLMSTED,Marion,Southeast
27109X12333611,CHARLTON BUILDING,Airport,271090002004.0,109.0,-92.4518,44.0183,27109,OLMSTED,Rochester,Southeast
27109X7092911,Rochester International,Airport,271090022004.0,109.0,-92.499,43.907,27109,OLMSTED,Rochester,Southeast
27111X10935211,BATTLE LAKE MUNI,Airport,271119612002.0,111.0,-95.7003,46.3,27111,OTTER TAIL,Everts,Northwest
27111X11009311,PERHAM MUNI,Airport,271119605001.0,111.0,-95.6045,46.6041,27111,OTTER TAIL,Perham,Northwest
27111X11156311,PELICAN RAPIDS MUNI-LYON'S FIELD,Airport,271119601033.0,111.0,-96.1045,46.6416,27111,OTTER TAIL,Dunn,Northwest
27111X11369711,AEROVILLA,Airport,271119604001.0,111.0,-95.6503,46.6166,27111,OTTER TAIL,Edna,Northwest
27111X11567811,HENNING MUNI,Airport,271119613002.0,111.0,-95.4395,46.3038,27111,OTTER TAIL,Henning,Northwest
27111X12348411,VELO AIRSTRIP,Airport,271119607002.0,111.0,-96.192,46.5111,27111,OTTER TAIL,Erhards Grove,Northwest
27111X12452711,HAGEN,Airport,271119606001.0,111.0,-95.6198,46.5027,27111,OTTER TAIL,Richville,Northwest
27111X12468311,NORTH AIR,Airport,271119604001.0,111.0,-95.7044,46.6108,27111,OTTER TAIL,Edna,Northwest
27111X16123011,BARRY,Airport,271119607001.0,111.0,-95.848272,46.450953,27111,OTTER TAIL,Dead Lake,Northwest
27111X7073811,Wadena Muni,Airport,271119606004.0,111.0,-95.21099,46.45,27111,OTTER TAIL,Bluffton,Northwest
27111X7073911,Fergus Falls Muni-Einar Mickelson Fld,Airport,271119617001.0,111.0,-96.15699,46.284,27111,OTTER TAIL,Aastad,Northwest
27113X11698211,WILLIS,Airport,271130903001.0,113.0,-96.2794,48.0697,27113,PENNINGTON,Sanders,Northwest
27113X12450411,SWANSON PVT,Airport,271130901003.0,113.0,-95.7747,48.0889,27113,PENNINGTON,Star,Northwest
27113X7074711,Thief River Falls Regional,Airport,271130903002.0,113.0,-96.18299,48.066,27113,PENNINGTON,Black River,Northwest
27115X10949611,FIELD OF DREAMS,Airport,271159505001.0,115.0,-92.8952,46.0229,27115,PINE,Hinckley,Central
27115X10978511,GRINDSTONE LAKE,Airport,271159505001.0,115.0,-93.003,46.1333,27115,PINE,Hinckley,Central
27115X12333711,BUSH FIELD,Airport,271159505001.0,115.0,-92.9883,46.0361,27115,PINE,Hinckley,Central
27117X11382111,DYKSTRA ACREAGE,Airport,271174604001.0,117.0,-96.2531,43.8808,27117,PIPESTONE,Gray,Southwest
27117X7485011,Pipestone Muni,Airport,271174602001.0,117.0,-96.3,43.983,27117,PIPESTONE,Pipestone,Southwest
27119X11093511,PRIBBS FIELD,Airport,271190204001.0,119.0,-97.0162,48.0821,27119,POLK,Tabor,Northwest
27119X11151811,KAML AIRSTRIP,Airport,271190204002.0,119.0,-96.6142,47.9261,27119,POLK,Euclid,Northwest
27119X11249511,HEMMINGSEN PRIVATE,Airport,271190209004.0,119.0,-96.0217,47.5964,27119,POLK,Sletten,Northwest
27119X11268811,NIELSVILLE,Airport,271190205003.0,119.0,-96.8309,47.5333,27119,POLK,Scandia,Northwest
27119X11317511,FERTILE MUNI,Airport,271190208001.0,119.0,-96.292,47.5519,27119,POLK,Onstad,Northwest
27077X11190611,NORTHWEST ANGLE,Airport,270774604001.0,77.0,-95.0711,49.3514,27077,LAKE OF THE WOODS,Angle,Northwest
27077X11191711,COX-COYOUR MEML AIR FIELD,Airport,270774604002.0,77.0,-95.1869,48.5994,27077,LAKE OF THE WOODS,Forest Area,Northwest
27077X7014911,Baudette Intl,Airport,270774603001.0,77.0,-94.612,48.728,27077,LAKE OF THE WOODS,Boone,Northwest
27079X12451111,MINNESOTA VALLEY HEALTH CENTER,Airport,270799502003.0,79.0,-93.9157,44.4533,27079,LE SUEUR,Le Sueur,Southwest
27079X6351611,Le Sueur Muni,Airport,270799502004.0,79.0,-93.913,44.437,27079,LE SUEUR,Ottawa,Southwest
27081X11168311,MULDER FIELD INC,Airport,270812010012.0,81.0,-96.2306,44.4558,27081,LINCOLN,Royal,Southwest
27081X11220811,TYLER MUNI,Airport,270812010022.0,81.0,-96.1503,44.2916,27081,LINCOLN,Hope,Southwest
27083X6369011,Marshall Muni-Ryan Field,Airport,270833603003.0,83.0,-95.82199,44.45,27083,LYON,Marshall,Southwest
27083X6369111,Tracy Muni,Airport,270833607003.0,83.0,-95.607,44.249,27083,LYON,Tracy,Southwest
27087X11367111,MAHNOMEN COUNTY & VILLAGE HOSPITAL,Airport,270879401003.0,87.0,-95.9739,47.3119,27087,MAHNOMEN,Mahnomen,Northwest
27087X6881611,Mahnomen County,Airport,270879403001.0,87.0,-95.928,47.25999,27087,MAHNOMEN,La Garde,Northwest
27089X11126511,GRYGLA MUNI - MEL WILKENS FIELD,Airport,270890801001.0,89.0,-95.626,48.2941,27089,MARSHALL,Valley,Northwest
27089X11208311,CHANLIN FIELD,Airport,270890801003.0,89.0,-96.1289,48.4236,27089,MARSHALL,Cedar,Northwest
27089X11250811,KLAMAR FIELD,Airport,270890801001.0,89.0,-95.7881,48.3714,27089,MARSHALL,Valley,Northwest
27089X11251811,HAGENS PRIVATE,Airport,270890801001.0,89.0,-95.8117,48.3789,27089,MARSHALL,Valley,Northwest
27089X11258611,JOHNSON,Airport,270890803001.0,89.0,-96.8809,48.3428,27089,MARSHALL,Parker,Northwest
27089X11317811,WARREN MUNI,Airport,270890804001.0,89.0,-96.7111,48.1911,27089,MARSHALL,McCrea,Northwest
27089X11318011,STEPHEN MUNI,Airport,270890803001.0,89.0,-96.8628,48.4583,27089,MARSHALL,Parker,Northwest
27089X11633511,PAUL FIELD,Airport,270890801001.0,89.0,-95.7544,48.3777,27089,MARSHALL,Valley,Northwest
27089X12333211,ARTHUR FIELD,Airport,270890801001.0,89.0,-95.8069,48.3702,27089,MARSHALL,Valley,Northwest
27091X11168511,BURK,Airport,270917901001.0,91.0,-94.2858,43.8438,27091,MARTIN,Waverly,Southwest
27091X11383111,ROSENBERG,Airport,270917904001.0,91.0,-94.5825,43.5222,27091,MARTIN,Silver Lake,Southwest
27091X7136411,Fairmont Muni,Airport,270917906001.0,91.0,-94.416,43.644,27091,MARTIN,Fairmont,Southwest
27085X11368511,QUAST,Airport,270859503005.0,85.0,-94.3503,44.85,27085,MCLEOD,Hassan Valley,Central
27085X12332811,TIMMERS LANDING FIELD,Airport,270859501004.0,85.0,-94.2142,44.9734,27085,MCLEOD,Hale,Central
27085X12348611,SERENITY,Airport,270859501002.0,85.0,-94.0889,44.9156,27085,MCLEOD,Winsted,Central
27085X12478811,GLENCOE MUNI,Airport,270859506004.0,85.0,-94.0812,44.756,27085,MCLEOD,Helen,Central
27085X7640711,Winsted Muni,Airport,270859501002.0,85.0,-94.067,44.95,27085,MCLEOD,Winsted,Central
27085X7640811,Hutchinson Muni-Butler Field,Airport,270859503001.0,85.0,-94.383,44.86,27085,MCLEOD,Hutchinson,Central
27093X11007111,TYLER FARMS,Airport,270935605004.0,93.0,-94.5107,45.2622,27093,MEEKER,Manannah,Central
27093X11368611,MEEKER COUNTY MEMORIAL HOSPITAL,Airport,270935604001.0,93.0,-94.5294,45.1194,27093,MEEKER,Litchfield,Central
27093X11369611,EMPIRE VALLEY,Airport,270935606003.0,93.0,-94.6753,45.2869,27093,MEEKER,Union Grove,Central
27001X10958411,HILL CITY-QUADNA MOUNTAIN,Airport,270017702001.0,1.0,-93.5974,46.9558,27001,AITKIN,Northwest Aitkin,Northeast
27001X11004411,RIVERWOOD HEALTHCARE CENTER,Airport,270017703001.0,1.0,-93.6992,46.5292,27001,AITKIN,Spencer,Northeast
27001X11093711,DREAMCATCHER,Airport,270017701001.0,1.0,-93.2979,46.9404,27001,AITKIN,Cornish,Northeast
27001X11277711,PORTER,Airport,270017702001.0,1.0,-93.3938,47.0127,27001,AITKIN,Northwest Aitkin,Northeast
27001X11369011,KREZOWSKI,Airport,270017701001.0,1.0,-93.2823,46.7582,27001,AITKIN,Cornish,Northeast
27001X12495211,ISEDOR IVERSON,Airport,270017704001.0,1.0,-93.3098,46.6188,27001,AITKIN,Spalding,Northeast
27001X7132711,Aitkin Muni-Steve Kurtz Field,Airport,270017701003.0,1.0,-93.677,46.548,27001,AITKIN,Spencer,Northeast
27003X11200011,SURFSIDE,Airport,270030502371.0,3.0,-93.1169,45.15,27003,ANOKA,Lino Lakes,Metro (7 County)
27003X11243011,HARRY-WALT,Airport,270030501101.0,3.0,-93.2461,45.3519,27003,ANOKA,East Bethel,Metro (7 County)
27003X11383211,DU FRESNE,Airport,270030502103.0,3.0,-93.074700000000007,45.213,27003,ANOKA,Columbus,Metro (7 County)
27003X11655211,VIEIRA,Airport,270030502291.0,3.0,-93.1336,45.2083,27003,ANOKA,Lino Lakes,Metro (7 County)
27003X11902511,LEXINGTON,Airport,270030501113.0,3.0,-93.1504,45.3111,27003,ANOKA,East Bethel,Metro (7 County)
27003X12317411,HEALTH ONE MERCY HOSPITAL,Airport,270030506051.0,3.0,-93.3702,45.1836,27003,ANOKA,Coon Rapids,Metro (7 County)
27003X12318111,SURFSIDE,Airport,270030502371.0,3.0,-93.1169,45.15,27003,ANOKA,Lino Lakes,Metro (7 County)
27003X12335111,COOKS LANDING,Airport,270030502152.0,3.0,-93.2217,45.2436,27003,ANOKA,Ham Lake,Metro (7 County)
27003X12348511,AERO-PLAIN,Airport,270030501071.0,3.0,-93.3847,45.4114,27003,ANOKA,St. Francis,Metro (7 County)
27003X12450511,LINO AIR PARK,Airport,270030502291.0,3.0,-93.1305,45.1872,27003,ANOKA,Lino Lakes,Metro (7 County)
27003X12451911,BECKER PERSONAL,Airport,270030501071.0,3.0,-93.3894,45.4027,27003,ANOKA,St. Francis,Metro (7 County)
27003X6185511,Anoka County-Blaine Arpt(Janes Field),Airport,270030508131.0,3.0,-93.21099,45.145,27003,ANOKA,Blaine,Metro (7 County)
27005X11708911,ROONEY AIRFIELD,Airport,270059400001.0,5.0,-95.4231,47.0556,27005,BECKER,Round Lake,Northwest
27005X12451311,KAISER'S AIRSTRIP,Airport,270054509004.0,5.0,-96.0996,46.7969,27005,BECKER,Cormorant,Northwest
27005X12497511,JOLLY FISHERMAN,Airport,270059400001.0,5.0,-95.5289,47.143,27005,BECKER,Round Lake,Northwest
27005X6187411,Detroit Lakes-Wething Field,Airport,270054504001.0,5.0,-95.886,46.825,27005,BECKER,Richwood,Northwest
27007X10948011,HELBLAD,Airport,270079400013.0,7.0,-94.6869,47.9858,27007,BELTRAMI,Lower Red Lake,Northwest
27007X11107011,CHANDLER PERSONAL USE,Airport,270074501005.0,7.0,-94.7725,47.4111,27007,BELTRAMI,Frohn,Northwest
27007X11282811,MOBERG AIR BASE,Airport,270074501004.0,7.0,-94.9453,47.4997,27007,BELTRAMI,Eckles,Northwest
27007X11369111,TURTLE LAKE,Airport,270074503001.0,7.0,-94.8669,47.6166,27007,BELTRAMI,Turtle Lake,Northwest
27007X11382911,CLOVERLEAF-EAST BEMIDJI,Airport,270074501005.0,7.0,-94.8122,47.4383,27007,BELTRAMI,Frohn,Northwest
27007X11454111,WASKISH MUNI,Airport,270074505001.0,7.0,-94.5164,48.151,27007,BELTRAMI,Upper Red Lake,Northwest
27007X12139811,MOBERG AIR BASE,Airport,270074501004.0,7.0,-94.9528,47.4961,27007,BELTRAMI,Eckles,Northwest
27007X12317311,JORDAN,Airport,270074503001.0,7.0,-94.8469,47.5972,27007,BELTRAMI,Turtle Lake,Northwest
27007X6188711,Bemidji-Beltrami County,Airport,270074507021.0,7.0,-94.93399,47.50899,27007,BELTRAMI,Bemidji,Northwest
27011X11145311,SHANNON FIELD,Airport,270119502001.0,11.0,-96.5895,45.4269,27011,BIG STONE,Prior,Southwest
27011X11168411,KAPAUN-WILSON FIELD,Airport,270119502002.0,11.0,-96.4514,45.5505,27011,BIG STONE,Graceville,Southwest
27011X11368111,STANLEY FLD,Airport,270119502002.0,11.0,-96.5765,45.5822,27011,BIG STONE,Graceville,Southwest
27011X7704511,Ortonville Muni-Martinson Field,Airport,270119503001.0,11.0,-96.424,45.306,27011,BIG STONE,Ortonville,Southwest
27013X11062611,BERGEMANN,Airport,270131715001.0,13.0,-94.178,44.0041,27013,BLUE EARTH,Ceresco,Southwest
27013X11095711,ZARN,Airport,270131715001.0,13.0,-94.2747,43.9074,27013,BLUE EARTH,Ceresco,Southwest
27013X11673111,HOPPE SKY RANCH,Airport,270131713002.0,13.0,-93.9484,44.0321,27013,BLUE EARTH,Decoria,Southwest
27013X11966511,IMMANUEL - ST JOSEPH'S HOSPITAL,Airport,270131706003.0,13.0,-93.995,44.1689,27013,BLUE EARTH,Mankato,Southwest
27013X12317511,EAGLES NEST AERODROME,Airport,270131713001.0,13.0,-93.8718,44.1265,27013,BLUE EARTH,McPherson,Southwest
27013X7008711,Mankato Regional,Airport,270131702001.0,13.0,-93.91899,44.222,27013,BLUE EARTH,Lime,Southwest
27015X11368811,SPRINGFIELD MED CENTER-MAYO HEALTH SYSTEM,Airport,270159606003.0,15.0,-94.9717,44.2466,27015,BROWN,Burnstown,Southwest
27015X11383311,SIOUX VALLEY HOSPITAL,Airport,270159604001.0,15.0,-94.4755,44.3127,27015,BROWN,Milford,Southwest
27015X12105511,SLEEPY EYE MUNI,Airport,270159607003.0,15.0,-94.7169,44.25,27015,BROWN,Mulligan,Southwest
27015X7119511,Springfield Muni,Airport,270159606001.0,15.0,-94.999,44.23099,27015,BROWN,Stately,Southwest
27015X7119611,New Ulm Muni,Airport,270159604001.0,15.0,-94.50199,44.32,27015,BROWN,Milford,Southwest
27017X11383511,MOOSE LAKE CARLTON COUNTY,Airport,270170705002.0,17.0,-92.8048,46.4186,27017,CARLTON,Moose Lake,Northeast
27017X11966411,MERCY HOSPITAL & HEALTHCARE CENTER,Airport,270170705002.0,17.0,-92.7754,46.4407,27017,CARLTON,Moose Lake,Northeast
27017X12468411,COUNTRY HAVEN,Airport,270170703002.0,17.0,-92.4192,46.7525,27017,CARLTON,Thomson,Northeast
27019X11035711,MOLNAU AIRPARK,Airport,270190904011.0,19.0,-93.74,44.8436,27019,CARVER,Laketown,Metro (7 County)
27019X11155411,SONS PRIVATE-COMMERCIAL,Airport,270190912021.0,19.0,-93.8669,44.7,27019,CARVER,Benton,Metro (7 County)
27019X11235711,GOOSE LAKE,Airport,270190903011.0,19.0,-93.8421,44.8875,27019,CARVER,Waconia,Metro (7 County)
27019X11366311,LAKE MINNEWASHTA,Airport,270190905011.0,19.0,-93.6091,44.8805,27019,CARVER,Chanhassen,Metro (7 County)
27019X11367011,RILEYS LANDING,Airport,270190907022.0,19.0,-93.5336,44.8333,27019,CARVER,Chanhassen,Metro (7 County)
27019X11368911,ZIERMANN,Airport,270190902002.0,19.0,-93.8919,44.875,27019,CARVER,Camden,Metro (7 County)
27019X11588011,FOX FIELD,Airport,270190912011.0,19.0,-93.9503,44.8017,27019,CARVER,Young America,Metro (7 County)
27019X12317811,EMPIRE FARM STRIP,Airport,270190912021.0,19.0,-93.8539,44.795,27019,CARVER,Benton,Metro (7 County)
27019X12450811,ANDINGS LANDING,Airport,270190905011.0,19.0,-93.6086,44.8805,27019,CARVER,Chanhassen,Metro (7 County)
27021X11182711,REMER MUNI,Airport,270219601002.0,21.0,-93.9141,47.068,27021,CASS,Smoky Hollow,Northwest
27021X11267611,PONDEROSA,Airport,270219602003.0,21.0,-93.9894,46.8631,27021,CASS,Trelipe,Northwest
27021X11608611,EAST GULL LAKE,Airport,270219608011.0,21.0,-94.3619,46.3833,27021,CASS,East Gull Lake,Northwest
27021X11765911,BACKUS MUNI,Airport,270219606001.0,21.0,-94.5072,46.8269,27021,CASS,Powers,Northwest
27021X11902611,MYERS FIELD,Airport,270219607001.0,21.0,-94.3394,46.6275,27021,CASS,Wilson,Northwest
27021X12317011,WEBB LAKE,Airport,270219603012.0,21.0,-94.425,46.9605,27021,CASS,Birch Lake,Northwest
27021X12467711,SAFE AIR,Airport,270219602001.0,21.0,-94.1244,46.9866,27021,CASS,Trelipe,Northwest
27021X7156711,Pine River Regional,Airport,270219607003.0,21.0,-94.382,46.72499,27021,CASS,Chickamaw Beach,Northwest
27021X7156811,Longville Muni,Airport,270219602002.0,21.0,-94.204,46.99,27021,CASS,Boy Lake,Northwest
27021X7156911,Walker Muni,Airport,270219400012.0,21.0,-94.646,47.158,27021,CASS,Leech Lake,Northwest
27023X11093611,WINTER STRIP,Airport,270239504003.0,23.0,-95.4645,45.0461,27023,CHIPPEWA,Crate,Southwest
27023X11093811,CHIPPEWA COUNTY HOSPITAL,Airport,270239506003.0,23.0,-95.7118,44.9526,27023,CHIPPEWA,Montevideo,Southwest
27023X11224111,HOWARD'S,Airport,270239504003.0,23.0,-95.4228,44.9772,27023,CHIPPEWA,Crate,Southwest
27023X7158011,Montevideo-Chippewa County,Airport,270239506003.0,23.0,-95.70999,44.969,27023,CHIPPEWA,Montevideo,Southwest
27025X11709111,NORTH CENTER LAKE,Airport,270251105011.0,25.0,-92.8316,45.3972,27025,CHISAGO,Lindstrom,Central
27025X11721711,BARNES,Airport,270251106001.0,25.0,-92.8349,45.4364,27025,CHISAGO,Chisago Lake,Central
27025X11825311,TAYLORS FALLS,Airport,270251106002.0,25.0,-92.6824,45.3814,27025,CHISAGO,Franconia,Central
27025X12333311,BOWERS,Airport,270251104021.0,25.0,-92.9747,45.4536,27025,CHISAGO,Lent,Central
27025X12451211,PINETREE AIRPARK,Airport,270251102003.0,25.0,-92.9631,45.5798,27025,CHISAGO,Harris,Central
27025X12453611,SUNRISE,Airport,270251104021.0,25.0,-92.9863,45.4291,27025,CHISAGO,Lent,Central
27025X12468111,AL'S DUE NORTH,Airport,270251103023.0,25.0,-92.9886,45.4822,27025,CHISAGO,North Branch,Central
27025X7007011,Rush City Rgnl,Airport,270251102001.0,25.0,-92.953,45.698,27025,CHISAGO,Rushseba,Central
27027X11133711,BLUE SKY,Airport,270270301044.0,27.0,-96.595,46.8005,27027,CLAY,Glyndon,Northwest
27027X11168211,COOT LANDING,Airport,270270302024.0,27.0,-96.2418,46.6638,27027,CLAY,Parke,Northwest
27027X11629011,MATHEW PRIVATE FIELD,Airport,270270302023.0,27.0,-96.4509,46.6713,27027,CLAY,Elkton,Northwest
27027X11804211,BARNESVILLE MUNI,Airport,270270302023.0,27.0,-96.4412,46.6652,27027,CLAY,Elkton,Northwest
27027X11804411,JANSSEN,Airport,270270302023.0,27.0,-96.3515,46.7119,27027,CLAY,Elkton,Northwest
27027X12334711,JERGER'S FIELD,Airport,270270301071.0,27.0,-96.7156,46.9236,27027,CLAY,Morken,Northwest
27027X12453211,MUELLER,Airport,270270301072.0,27.0,-96.7806,47.1264,27027,CLAY,Kragnes,Northwest
27027X12468811,JOHNSTON,Airport,270270302024.0,27.0,-96.2352,46.8575,27027,CLAY,Parke,Northwest
27027X7039211,Hawley Muni,Airport,270270302011.0,27.0,-96.35099,46.88399,27027,CLAY,Spring Prairie,Northwest
27027X7039311,Moorhead Municipal Airport,Airport,270270301044.0,27.0,-96.663,46.839,27027,CLAY,Glyndon,Northwest
27029X11207911,HOILAND FIELD,Airport,270290002003.0,29.0,-95.3675,47.3958,27029,CLEARWATER,Itasca,Northwest
27029X11263611,BAGLEY MUNI,Airport,270290001002.0,29.0,-95.3608,47.525,27029,CLEARWATER,Copley,Northwest
27029X11382611,MATHIS,Airport,270290003001.0,29.0,-95.527,47.8638,27029,CLEARWATER,North Clearwater,Northwest
27031X11368211,GUNFLINT,Airport,270314801003.0,31.0,-90.7084,48.0916,27031,COOK,West Cook,Northeast
27031X11523511,GRAND MARAIS/COOK COUNTY,Airport,270314802001.0,31.0,-90.3834,47.8166,27031,COOK,West Cook,Northeast
27031X7040411,Grand Marais/Cook County,Airport,270314801003.0,31.0,-90.383,47.838,27031,COOK,West Cook,Northeast
27033X11144311,TURNER FIELD,Airport,270332704001.0,33.0,-95.0142,43.8666,27033,COTTONWOOD,Mountain Lake,Southwest
27033X11265811,EWEN LANDING FIELD,Airport,270332703002.0,33.0,-95.1955,44.0305,27033,COTTONWOOD,Dale,Southwest
27033X7055411,Windom Muni,Airport,270332703002.0,33.0,-95.109,43.91299,27033,COTTONWOOD,Dale,Southwest
27035X10978611,LOWER HAY LAKE,Airport,270359517002.0,35.0,-94.2925,46.6778,27035,CROW WING,Gail Lake,Northwest
27035X10978711,PAUL'S,Airport,270359505012.0,35.0,-94.3031,46.4772,27035,CROW WING,Nisswa,Northwest
27035X10993411,LOOKOUT LAKE,Airport,270359508002.0,35.0,-93.9561,46.4375,27035,CROW WING,Irondale,Northwest
27035X11044811,CUYUNA RGNL MEDICAL CENTER,Airport,270359507004.0,35.0,-93.9436,46.4822,27035,CROW WING,Crosby,Northwest
27035X11065311,SHIRT LAKE,Airport,270359508001.0,35.0,-93.8331,46.4306,27035,CROW WING,Deerwood,Northwest
27035X11277411,BREEZY POINT,Airport,270359504001.0,35.0,-94.22,46.5958,27035,CROW WING,Breezy Point,Northwest
27035X11277511,SETHNEY PERSONAL,Airport,270359508001.0,35.0,-93.8136,46.3797,27035,CROW WING,Deerwood,Northwest
27035X11366811,JACKSON FIELD,Airport,270359514004.0,35.0,-94.2394,46.2722,27035,CROW WING,Crow Wing,Northwest
27035X11366911,BARRETT,Airport,270359514003.0,35.0,-94.0886,46.1782,27035,CROW WING,Daggett Brook,Northwest
27035X11382311,ROSACKER'S NR 2,Airport,270359508001.0,35.0,-93.86,46.3644,27035,CROW WING,Deerwood,Northwest
27035X11698011,MILLE LACS LAKE RESORT,Airport,270359516002.0,35.0,-93.8308,46.3194,27035,CROW WING,Garrison,Northwest
27035X11721811,LINDEY'S LANDING,Airport,270359508003.0,35.0,-93.9319,46.3872,27035,CROW WING,Bay Lake,Northwest
27035X12452811,"ULTRAFLYTE, INC",Airport,270359517002.0,35.0,-94.3433,46.6652,27035,CROW WING,Gail Lake,Northwest
27035X12496911,MAL'S SERPENT LAKE,Airport,270359507002.0,35.0,-93.9186,46.4741,27035,CROW WING,Rabbit Lake,Northwest
27035X12497811,BIRCH LAKE,Airport,270359508001.0,35.0,-93.8139,46.3697,27035,CROW WING,Deerwood,Northwest
27035X6275111,Brainerd-Crow Wing Co Regional,Airport,270359508002.0,35.0,-94.137,46.39799,27035,CROW WING,Irondale,Northwest
27037X10965111,WIPLINE,Airport,270370605091.0,37.0,-93.0155,44.8166,27037,DAKOTA,Inver Grove Heights,Metro (7 County)
27037X11158911,WILLOW RIDGE,Airport,270370614011.0,37.0,-92.8263,44.6719,27037,DAKOTA,Marshan,Metro (7 County)
27037X11228111,HALL,Airport,270370610012.0,37.0,-93.1002,44.6611,27037,DAKOTA,Vermillion,Metro (7 County)
27037X11367811,JENNRICH FLD,Airport,270370615012.0,37.0,-93.1322,44.5661,27037,DAKOTA,Castle Rock,Metro (7 County)
27037X11367911,LUCHT FIELD,Airport,270370615012.0,37.0,-93.0919,44.6041,27037,DAKOTA,Castle Rock,Metro (7 County)
27037X11382811,TURKEY TRACK,Airport,270370610011.0,37.0,-93.0441,44.7186,27037,DAKOTA,Nininger,Metro (7 County)
27037X11896611,WIPLINE,Airport,270370605091.0,37.0,-93.0135,44.8155,27037,DAKOTA,Inver Grove Heights,Metro (7 County)
27037X12317611,CRYSTAL LAKE,Airport,270370607422.0,37.0,-93.2669,44.7222,27037,DAKOTA,Burnsville,Metro (7 County)
27037X12333511,SANDY FLATS,Airport,270370614011.0,37.0,-92.8119,44.7052,27037,DAKOTA,Marshan,Metro (7 County)
27037X12333811,SKY MEADOW,Airport,270370611072.0,37.0,-92.8641,44.6977,27037,DAKOTA,Marshan,Metro (7 County)
27037X12468711,NIELSEN'S,Airport,270370615012.0,37.0,-93.1269,44.598,27037,DAKOTA,Castle Rock,Metro (7 County)
27037X6205811,Airlake Airport,Airport,270370615011.0,37.0,-93.22799,44.62799,27037,DAKOTA,Eureka,Metro (7 County)
27037X6205911,South St Paul Muni-Richard E Fleming Fld,Airport,270370605023.0,37.0,-93.03299,44.85699,27037,DAKOTA,South St. Paul,Metro (7 County)
27039X7027211,Dodge Center,Airport,270399502003.0,39.0,-92.832,44.018,27039,DODGE,Ashland,Southeast
27041X11289411,WHISKEY LAKE,Airport,270414502003.0,41.0,-95.5761,45.9731,27041,DOUGLAS,Brandon,Northwest
27041X12332911,ANGEN FIELD,Airport,270414502003.0,41.0,-95.5262,45.9363,27041,DOUGLAS,Brandon,Northwest
27041X12468211,DOUGLAS COUNTY HOSPITAL,Airport,270414507012.0,41.0,-95.3773,45.8736,27041,DOUGLAS,Alexandria,Northwest
27041X7131311,Chandler Field,Airport,270414507011.0,41.0,-95.39499,45.866,27041,DOUGLAS,Alexandria,Northwest
27043X11227311,WELLS MUNI,Airport,270434601001.0,43.0,-93.7836,43.7333,27043,FARIBAULT,Minnesota Lake,Southwest
27043X11366711,UNITED HOSPITAL DISTRICT,Airport,270434604002.0,43.0,-94.1001,43.6337,27043,FARIBAULT,Blue Earth,Southwest
27043X12334511,B & D FLYERS INTL,Airport,270434601003.0,43.0,-93.8405,43.8305,27043,FARIBAULT,Minnesota Lake,Southwest
27043X6360111,Blue Earth Muni,Airport,270434603001.0,43.0,-94.093,43.595,27043,FARIBAULT,Elmore,Southwest
27045X10978911,MATSON FLD,Airport,270459603001.0,45.0,-92.4043,43.6622,27045,FILLMORE,Bloomfield,Southeast
27045X11059911,HIGH GROVE,Airport,270459604002.0,45.0,-92.0221,43.6411,27045,FILLMORE,Amherst,Southeast
27045X11081711,FLYING A,Airport,270459602004.0,45.0,-92.3369,43.8167,27045,FILLMORE,Sumner,Southeast
27045X12014311,RUSHFORD MUNI,Airport,270459601001.0,45.0,-91.8301,43.8158,27045,FILLMORE,Arendahl,Southeast
27045X7159311,Fillmore County,Airport,270459604004.0,45.0,-92.18,43.67699,27045,FILLMORE,Forestville,Southeast
27047X11368411,WARD,Airport,270471801003.0,47.0,-93.178,43.7602,27047,FREEBORN,Riceland,Southeast
27047X16122911,ALBERT LEA MEDICAL CENTER,Airport,270471804001.0,47.0,-93.371586,43.652697,27047,FREEBORN,Albert Lea,Southeast
27047X7141811,Albert Lea Muni,Airport,270471805001.0,47.0,-93.36699,43.68199,27047,FREEBORN,Albert Lea,Southeast
27049X10981811,KENYON,Airport,270490807001.0,49.0,-92.9433,44.3339,27049,GOODHUE,Holden,Southeast
27049X11283611,FAIRVIEW RED WING MEDICAL CENTER,Airport,270490802003.0,49.0,-92.5729,44.5593,27049,GOODHUE,Red Wing,Southeast
27049X12452311,FRONTENAC,Airport,270490803001.0,49.0,-92.3613,44.5027,27049,GOODHUE,Florence,Southeast
27049X16123411,SODBUSTER STRIP,Airport,270490804003.0,49.0,-92.6876,44.401042,27049,GOODHUE,Belle Creek,Southeast
27049X6392211,Stanton Airfield,Airport,270490805003.0,49.0,-93.01599,44.476,27049,GOODHUE,Warsaw,Southeast
27051X10955611,HERMAN MUNI,Airport,270510702002.0,51.0,-96.1606,45.83,27051,GRANT,Gorton,Northwest
27051X11001011,MELBY,Airport,270510701002.0,51.0,-95.8314,46.1008,27051,GRANT,Pomme de Terre,Northwest
27051X11368311,ITZEN AIR STRIP,Airport,270510702002.0,51.0,-96.2156,45.7633,27051,GRANT,Gorton,Northwest
27051X11483311,CARLSON AG,Airport,270510702002.0,51.0,-96.1944,45.9853,27051,GRANT,Gorton,Northwest
27051X11597011,RICKS FIELD,Airport,270510702002.0,51.0,-96.1498,45.9641,27051,GRANT,Gorton,Northwest
27051X11670511,BRUTLAG FARMS,Airport,270510702002.0,51.0,-96.1017,46.0144,27051,GRANT,Gorton,Northwest
27051X6392511,Elbow Lake Muni,Airport,270510701001.0,51.0,-95.99199,45.986,27051,GRANT,Elbow Lake,Northwest
27053X11055111,AMUNDSON,Airport,270530272031.0,53.0,-93.6175,44.9291,27053,HENNEPIN,Orono,Metro (7 County)
27053X11057411,EASTMANS MEDICINE LAKE,Airport,270530265123.0,53.0,-93.4261,44.9947,27053,HENNEPIN,Plymouth,Metro (7 County)
27053X11114011,PETERSON,Airport,270530265123.0,53.0,-93.4197,45.0,27053,HENNEPIN,Plymouth,Metro (7 County)
27053X11146711,KRAL'S PERSONAL USE LANDING FIELD,Airport,270530271023.0,53.0,-93.5644,45.0841,27053,HENNEPIN,Corcoran,Metro (7 County)
27053X11258811,MANDARIN YEN SO,Airport,270530256034.0,53.0,-93.3099,44.8569,27053,HENNEPIN,Bloomington,Metro (7 County)
27053X11281511,WHALETAIL LAKE,Airport,270530277002.0,53.0,-93.7227,44.9389,27053,HENNEPIN,Minnetrista,Metro (7 County)
27053X11367311,BUSCH'S FISH LAKE,Airport,270530267163.0,53.0,-93.4652,45.0941,27053,HENNEPIN,Maple Grove,Metro (7 County)
27053X11368711,INGLESIDE,Airport,270530270021.0,53.0,-93.6523,45.0631,27053,HENNEPIN,Independence,Metro (7 County)
27053X11369211,THE PASS,Airport,270530277004.0,53.0,-93.6885,44.9144,27053,HENNEPIN,Minnetrista,Metro (7 County)
27053X11581411,SVARD,Airport,270530265091.0,53.0,-93.4327,45.0428,27053,HENNEPIN,Plymouth,Metro (7 County)
27053X11804311,FAIRVIEW RIVERSIDE MEDICAL CENTER,Airport,270531048005.0,53.0,-93.2374,44.967,27053,HENNEPIN,Minneapolis,Metro (7 County)
27053X12317711,ABBOTT NORTHWESTERN HOSPITAL,Airport,270531258003.0,53.0,-93.2613,44.9547,27053,HENNEPIN,Minneapolis,Metro (7 County)
27053X12318211,FAIRVIEW SOUTHDALE HOSPITAL,Airport,270530240052.0,53.0,-93.3266,44.887,27053,HENNEPIN,Edina,Metro (7 County)
27053X12334211,MAPLE,Airport,270530270023.0,53.0,-93.6719,45.0027,27053,HENNEPIN,Independence,Metro (7 County)
27053X12450611,PRUDENTIAL HELISTOP,Airport,270530265083.0,53.0,-93.4486,45.0639,27053,HENNEPIN,Plymouth,Metro (7 County)
27053X12452911,UNIVERSITY OF MN HOSPITALS & CLINICS,Airport,270531049004.0,53.0,-93.2344,44.9719,27053,HENNEPIN,Minneapolis,Metro (7 County)
27053X12453511,NORTH MEMORIAL,Airport,270530214001.0,53.0,-93.3225,45.0139,27053,HENNEPIN,Robbinsdale,Metro (7 County)
27053X12467811,ADVANCE MACHINE COMPANY,Airport,270530265141.0,53.0,-93.4697,45.0019,27053,HENNEPIN,Plymouth,Metro (7 County)
27053X6151511,Flying Cloud,Airport,270530260181.0,53.0,-93.457,44.827,27053,HENNEPIN,Eden Prairie,Metro (7 County)
27053X6151611,Crystal,Airport,270530207001.0,53.0,-93.35399,45.062,27053,HENNEPIN,Crystal,Metro (7 County)
27053X6151711,Minneapolis-St Paul Intl/Wold-Chamberlain/,Airport,270539800001.0,53.0,-93.216601,44.88514,27053,HENNEPIN,Fort Snelling,Metro (7 County)
27055X11382011,DETERS FARMS,Airport,270550209001.0,55.0,-91.6815,43.5611,27055,HOUSTON,Black Hammer,Southeast
27055X6166411,Houston County,Airport,270550209002.0,55.0,-91.50399,43.596,27055,HOUSTON,Wilmington,Southeast
27057X11366611,ROBCO,Airport,270570703001.0,57.0,-94.7522,47.1989,27057,HUBBARD,Lakeport,Northwest
27057X11369511,SKY MANOR AERO ESTATES,Airport,270570702002.0,57.0,-95.1225,47.0458,27057,HUBBARD,Arago,Northwest
27057X11383411,CARY,Airport,270570707001.0,57.0,-94.9831,46.8575,27057,HUBBARD,Crow Wing Lake,Northwest
27057X11734411,UP YONDER,Airport,270570701002.0,57.0,-94.8847,47.2964,27057,HUBBARD,Guthrie,Northwest
27057X12450911,FALK PRIVATE,Airport,270570705001.0,57.0,-95.0522,46.8622,27057,HUBBARD,Straight River,Northwest
27057X6167311,Nary National-Shefland Field,Airport,270570701001.0,57.0,-94.79799,47.37599,27057,HUBBARD,Farden,Northwest
27057X6167411,Park Rapids Muni-Konshok Field,Airport,270570706003.0,57.0,-95.07299,46.901,27057,HUBBARD,Park Rapids,Northwest
27059X11095811,CAMBRIDGE MEDICAL CENTER,Airport,270591303012.0,59.0,-93.2314,45.5654,27059,ISANTI,Cambridge,Central
27059X11289311,TROLL FARM,Airport,270591303021.0,59.0,-93.1974,45.6116,27059,ISANTI,Cambridge,Central
27059X12333011,CAMERON'S,Airport,270591306003.0,59.0,-93.4698,45.5497,27059,ISANTI,Spencer Brook,Central
27059X12468511,SWANSON FIELD,Airport,270591306001.0,59.0,-93.3828,45.4464,27059,ISANTI,Stanford,Central
27059X6168811,Cambridge Muni,Airport,270591303012.0,59.0,-93.26499,45.56,27059,ISANTI,Cambridge,Central
27061X11035611,NORTHERN ITASCA HEALTH CARE CENTER,Airport,270614801003.0,61.0,-93.6463,47.7472,27061,ITASCA,Effie,Northeast
27061X11208111,NORTHBOUND,Airport,270614808011.0,61.0,-93.5239,47.1564,27061,ITASCA,Harris,Northeast
27061X11608511,BOWSTRING,Airport,270614801002.0,61.0,-93.8702,47.5582,27061,ITASCA,Stokes,Northeast
27061X11804111,WABANA,Airport,270614804004.0,61.0,-93.5214,47.4104,27061,ITASCA,Wabana,Northeast
27061X12317211,BOLDUC,Airport,270614804002.0,61.0,-93.4107,47.5977,27061,ITASCA,Northeast Itasca,Northeast
27061X12333411,GOSPEL RANCH,Airport,270614806003.0,61.0,-93.0921,47.2291,27061,ITASCA,Goodland,Northeast
27061X12334411,SNELL'S,Airport,270614804002.0,61.0,-93.745,47.6472,27061,ITASCA,Northeast Itasca,Northeast
27061X12442811,BIGFORK MUNI,Airport,270614801003.0,61.0,-93.6502,47.7828,27061,ITASCA,Effie,Northeast
27061X6182011,Grand Rapids/Itasca Co-Gordon Newstrom Fld,Airport,270614808022.0,61.0,-93.51,47.21099,27061,ITASCA,Grand Rapids,Northeast
27063X10944711,NAUERTH LAND RANCH,Airport,270634802002.0,63.0,-95.2247,43.6252,27063,JACKSON,Ewington,Southwest
27063X11498711,JACKSON MEDICAL CENTER,Airport,270634804004.0,63.0,-95.0044,43.6247,27063,JACKSON,Jackson,Southwest
27063X6450311,Jackson Muni,Airport,270634804001.0,63.0,-94.987,43.65,27063,JACKSON,Jackson,Southwest
27065X11367711,KANABEC HOSPITAL,Airport,270654803002.0,65.0,-93.2899,45.8744,27065,KANABEC,Mora,Central
27065X6451311,Mora Municipal,Airport,270654803003.0,65.0,-93.272,45.886,27065,KANABEC,Mora,Central
27067X11225311,PAGEL'S FIELD,Airport,270677801002.0,67.0,-94.8011,45.2019,27067,KANDIYOHI,Irving,Central
27067X12452011,RICE MEMORIAL HOSPITAL,Airport,270677808002.0,67.0,-95.0466,45.1201,27067,KANDIYOHI,Willmar,Central
27067X6199811,Willmar Muni-John L Rice Field,Airport,270677806001.0,67.0,-95.129333,45.117028,27067,KANDIYOHI,St. Johns,Central
27069X11069611,LAKE BRONSON,Airport,270690901001.0,69.0,-96.6545,48.7375,27069,KITTSON,Cannon,Northwest
27069X11181811,ANDERSON FIELD,Airport,270690902002.0,69.0,-96.8073,48.643,27069,KITTSON,Svea,Northwest
27069X11949411,KARLSTAD MUNI,Airport,270690901002.0,69.0,-96.542,48.5791,27069,KITTSON,Norway,Northwest
27069X6200511,Hallock Muni,Airport,270690902003.0,69.0,-96.943,48.75299,27069,KITTSON,Hallock,Northwest
27071X10962711,INTERNATIONAL FALLS,Airport,270717902003.0,71.0,-93.374902,48.604187,27071,KOOCHICHING,International Falls,Northeast
27071X11002811,LITTLEFORK MUNI/HANOVER,Airport,270717905001.0,71.0,-93.5863,48.4166,27071,KOOCHICHING,Rainy Lake,Northeast
27071X11149111,NORTHOME MUNI,Airport,270717905003.0,71.0,-94.2587,47.8881,27071,KOOCHICHING,South Koochiching,Northeast
27071X11263711,BIG FALLS MUNI,Airport,270717905003.0,71.0,-93.7647,48.1984,27071,KOOCHICHING,South Koochiching,Northeast
27071X12335011,INTERNATIONAL FALLS MEMORIAL,Airport,270717902001.0,71.0,-93.4318,48.5955,27071,KOOCHICHING,Rainy Lake,Northeast
27071X6201411,Falls Intl,Airport,270717901001.0,71.0,-93.403,48.566,27071,KOOCHICHING,International Falls,Northeast
27073X6215611,Madison-Lac Qui Parle County,Airport,270731801002.0,73.0,-96.178,44.986,27073,LAC QUI PARLE,Madison,Southwest
27075X11108711,ANTHONY PRIVATE,Airport,270753701003.0,75.0,-91.7105,47.0369,27075,LAKE,Lake No. 2,Northeast
27075X11220011,WEIDEMAN INTL,Airport,270753701005.0,75.0,-91.6002,47.0944,27075,LAKE,Silver Creek,Northeast
27075X6320211,Silver Bay Municipal,Airport,270753703001.0,75.0,-91.416,47.249,27075,LAKE,Beaver Bay,Northeast
27075X6320311,Richard B Helgeson,Airport,270753701004.0,75.0,-91.745,47.049,27075,LAKE,Lake No. 2,Northeast
27119X11366411,PULKRABEK PVT LNDG FLD,Airport,271190204001.0,119.0,-96.7837,48.05,27119,POLK,Tabor,Northwest
27119X11367611,OAK LAKE AIR STRIP,Airport,271190209003.0,119.0,-95.9461,47.6586,27119,POLK,Lessor,Northwest
27119X11381911,ROAN,Airport,271190204001.0,119.0,-96.7526,48.1458,27119,POLK,Tabor,Northwest
27119X12334911,J J AND T,Airport,271190204001.0,119.0,-97.0312,47.9889,27119,POLK,Tabor,Northwest
27119X12452611,GASPER,Airport,271190204002.0,119.0,-96.6123,47.9016,27119,POLK,Euclid,Northwest
27119X16123311,SHIMPA AIRSTRIP,Airport,271190204002.0,119.0,-96.640208,47.966667,27119,POLK,Euclid,Northwest
27119X7486411,Crookston Muni Kirkwood Fld,Airport,271190205002.0,119.0,-96.622,47.84199,27119,POLK,Crookston,Northwest
27119X7486511,Fosston Muni,Airport,271190210002.0,119.0,-95.773,47.59299,27119,POLK,Columbia,Northwest
27121X11317711,STARBUCK MUNI,Airport,271219702002.0,121.0,-95.5337,45.6,27121,POPE,White Bear Lake,Northwest
27121X7487811,Glenwood Muni,Airport,271219701001.0,121.0,-95.32,45.644,27121,POPE,Glenwood,Northwest
27123X11382211,KOLLAR'S SHOREVIEW MARINE,Airport,271230415001.0,123.0,-93.1252,45.0333,27123,RAMSEY,Roseville,Metro (7 County)
27123X11697911,REGIONS HOSPITAL,Airport,271230428002.0,123.0,-93.0947,44.9569,27123,RAMSEY,St. Paul,Metro (7 County)
27123X11709311,BENSON,Airport,271230401001.0,123.0,-92.9961,45.1166,27123,RAMSEY,White Bear,Metro (7 County)
27123X12451511,ROSACKER'S NR 1,Airport,271230411051.0,123.0,-93.2044,45.0769,27123,RAMSEY,New Brighton,Metro (7 County)
27123X12453711,CHILDREN'S HOSPITAL - ST PAUL,Airport,271230359001.0,123.0,-93.1097,44.9425,27123,RAMSEY,St. Paul,Metro (7 County)
27123X7044011,St Paul Downtown Holman Fld,Airport,271230361001.0,123.0,-93.05999,44.93399,27123,RAMSEY,St. Paul,Metro (7 County)
27125X12325711,RED LAKE FALLS MUNI,Airport,271250101002.0,125.0,-96.2578,47.825,27125,RED LAKE,Terrebonne,Northwest
27127X10978811,PANKRATZ,Airport,271277501001.0,127.0,-94.9169,44.3072,27127,REDWOOD,Sundown,Southwest
27127X11200611,SCHMIDT PRIVATE,Airport,271277505003.0,127.0,-95.4539,44.5033,27127,REDWOOD,Vesta,Southwest
27127X11216011,FUHR FLYING SVC,Airport,271277504001.0,127.0,-95.2836,44.468,27127,REDWOOD,Kintire,Southwest
27127X7190011,Redwood Falls Muni,Airport,271277502001.0,127.0,-95.082,44.547,27127,REDWOOD,Honner,Southwest
27129X11187811,LOTHERT'S FARM STRIP,Airport,271297902001.0,129.0,-94.9614,44.6455,27129,RENVILLE,Bird Island,Central
27129X12222811,OLIVIA RGNL,Airport,271297905001.0,129.0,-95.0328,44.7786,27129,RENVILLE,Troy,Central
27129X6924811,Hector Muni,Airport,271297901003.0,129.0,-94.71499,44.73099,27129,RENVILLE,Hector,Central
27131X11044911,SKY HARBOR RESIDENTIAL AIRPARK,Airport,271310701001.0,131.0,-93.3269,44.5258,27131,RICE,Webster,Southeast
27131X11368011,TUMA PRIVATE,Airport,271310702002.0,131.0,-93.4844,44.4239,27131,RICE,Erin,Southeast
27131X12333911,DISTRICT ONE HOSPITAL,Airport,271310707003.0,131.0,-93.258,44.2894,27131,RICE,Faribault,Southeast
27131X12468611,QUIST,Airport,271310702001.0,131.0,-93.3308,44.4167,27131,RICE,Forest,Southeast
27131X16123211,NORTHFIELD HOSPITAL,Airport,270370615021.0,37.0,-93.192019,44.474322,27037,DAKOTA,Greenvale,Metro (7 County)
27131X6925811,Faribault Muni,Airport,271310703001.0,131.0,-93.31099,44.325,27131,RICE,Wells,Southeast
27133X11369811,LUVERNE COMMUNITY HOSPITAL,Airport,271335702001.0,133.0,-96.2099,43.6729,27133,ROCK,Luverne,Southwest
27133X6927011,Quentin Aanenson Field,Airport,271335701003.0,133.0,-96.219,43.62099,27133,ROCK,Beaver Creek,Southwest
27135X11157811,PINEY PINECREEK BORDER,Airport,271359702001.0,135.0,-95.9826,48.9996,27135,ROSEAU,Soler,Northwest
27135X11270911,ERICKSON,Airport,271359704002.0,135.0,-95.2016,48.8103,27135,ROSEAU,Laona,Northwest
27135X6927711,Roseau Muni/Rudy Billberg Field,Airport,271359703004.0,135.0,-95.69699,48.85599,27135,ROSEAU,Roseau,Northwest
27135X6927811,Warroad Intl-Swede Carlson Field,Airport,271359701001.0,135.0,-95.348,48.941,27135,ROSEAU,North Roseau,Northwest
27139X11123611,NAGEL AND SCHULTZ,Airport,271390813001.0,139.0,-93.8016,44.5822,27139,SCOTT,Blakeley,Metro (7 County)
27139X11804511,MERILL L HARRIS FIELD,Airport,271390813002.0,139.0,-93.699700000000007,44.6434,27139,SCOTT,Belle Plaine,Metro (7 County)
27139X12334011,STOCKER PVT,Airport,271390808003.0,139.0,-93.6369,44.6833,27139,SCOTT,Sand Creek,Metro (7 County)
27139X12334111,SKY PARK,Airport,271390810003.0,139.0,-93.5183,44.6597,27139,SCOTT,Spring Lake,Metro (7 County)
27139X12334611,MARTY'S TRANQUILITY BASE,Airport,271390809033.0,139.0,-93.4719,44.7,27139,SCOTT,Spring Lake,Metro (7 County)
27139X12451611,JORGENSEN'S LANDING,Airport,271390809051.0,139.0,-93.3958,44.7394,27139,SCOTT,Prior Lake,Metro (7 County)
27141X10979111,TRIPLE H,Airport,271410304021.0,141.0,-93.7176,45.3133,27141,SHERBURNE,Big Lake,Central
27141X11095911,MILLER,Airport,271410303005.0,141.0,-93.9487,45.4339,27141,SHERBURNE,Clear Lake,Central
27141X11133811,AYSTA FIELD,Airport,271410315001.0,141.0,-94.1228,45.5227,27141,SHERBURNE,Haven,Central
27141X11200211,LEADERS CLEAR LAKE,Airport,271410303005.0,141.0,-93.9711,45.4444,27141,SHERBURNE,Clear Lake,Central
27141X11369911,REYNOLDS FIELD,Airport,271410301021.0,141.0,-93.5141,45.5375,27141,SHERBURNE,Baldwin,Central
27141X12332711,MEADOWVALE,Airport,271410305022.0,141.0,-93.5886,45.3625,27141,SHERBURNE,Elk River,Central
27141X12334811,SCHROEDER,Airport,271410304044.0,141.0,-93.8578,45.4314,27141,SHERBURNE,Becker,Central
27141X12468011,ST CLOUD HOSPITAL,Airport,271410303001.0,141.0,-94.0575,45.5458,27141,SHERBURNE,Haven,Central
27141X6929011,St Cloud Regional,Airport,271410303001.0,141.0,-94.05999,45.547,27141,SHERBURNE,Haven,Central
27143X11766011,A.R.S. SPORT STRIP,Airport,271431701981.0,143.0,-93.7836,44.6666,27143,SIBLEY,Washington Lake,Southwest
27137X10938311,BARNES,Airport,271370155004.0,137.0,-92.5574,47.8996,27137,ST. LOUIS,Northeast St. Louis,Northeast
27137X10960311,CHRISTENSON POINT,Airport,271370151004.0,137.0,-93.0544,47.6694,27137,ST. LOUIS,McCormack,Northeast
27137X11035811,COOK HOSPITAL,Airport,271370152004.0,137.0,-92.6791,47.853,27137,ST. LOUIS,Northeast St. Louis,Northeast
27137X11133411,STAHLBERG-MOHR,Airport,271370134001.0,137.0,-92.6449,47.4485,27137,ST. LOUIS,Clinton,Northeast
27137X11189311,NAMAKAN,Airport,271370155001.0,137.0,-92.6668,48.4069,27137,ST. LOUIS,Northwest St. Louis,Northeast
27137X11258411,EAGLES NEST,Airport,271370154003.0,137.0,-92.0997,47.8285,27137,ST. LOUIS,Breitung,Northeast
27137X11314611,COOK MUNI,Airport,271370152004.0,137.0,-92.6906,47.8218,27137,ST. LOUIS,Northeast St. Louis,Northeast
27137X11367511,WILD RICE LAKE,Airport,271370104002.0,137.0,-92.1621,46.8999,27137,ST. LOUIS,Rice Lake,Northeast
27137X11370011,LENNARTSON,Airport,271370102001.0,137.0,-92.3002,46.7499,27137,ST. LOUIS,Midway,Northeast
27137X11382511,IRONS POINT,Airport,271370155002.0,137.0,-92.3507,47.8433,27137,ST. LOUIS,Northeast St. Louis,Northeast
27137X11531611,ELY BLOOMENSON COMMUNITY HOSPITAL,Airport,271370153003.0,137.0,-91.873,47.8991,27137,ST. LOUIS,Ely,Northeast
27137X11608711,SKY HARBOR,Airport,271370135003.0,137.0,-92.4766,47.4596,27137,ST. LOUIS,Gilbert,Northeast
27137X11721611,MESABI RGNL MEDICAL CENTER,Airport,271370124001.0,137.0,-92.9288,47.4099,27137,ST. LOUIS,Hibbing,Northeast
27137X11802711,NORTH COUNTRY,Airport,271370106003.0,137.0,-92.1682,47.0149,27137,ST. LOUIS,Fredenberg,Northeast
27137X11804011,CAREY LAKE,Airport,271370121005.0,137.0,-92.8277,47.4183,27137,ST. LOUIS,Hibbing,Northeast
27137X12038211,PELICAN LAKE,Airport,271370155001.0,137.0,-92.856,48.058,27137,ST. LOUIS,Northwest St. Louis,Northeast
27137X12332411,ST MARY'S HOSPITAL,Airport,271370016001.0,137.0,-92.0978,46.7938,27137,ST. LOUIS,Duluth,Northeast
27137X12333111,ST LUKE HOSPITAL,Airport,271370017001.0,137.0,-92.086,46.7974,27137,ST. LOUIS,Duluth,Northeast
27137X12450211,SWAN FIELD,Airport,271370111003.0,137.0,-92.4571,46.8692,27137,ST. LOUIS,Grand Lake,Northeast
27137X12452211,ANDERSON,Airport,271370151001.0,137.0,-93.0605,47.7874,27137,ST. LOUIS,Linden Grove,Northeast
27137X12452411,ROBERTSON FIELD,Airport,271370113001.0,137.0,-92.8594,47.2524,27137,ST. LOUIS,Toivola,Northeast
27137X12453411,JOHNSON'S SEA LANDING,Airport,271370155002.0,137.0,-92.3917,47.8561,27137,ST. LOUIS,Northeast St. Louis,Northeast
27137X12489311,SCOTTS,Airport,271370155002.0,137.0,-92.4835,48.2666,27137,ST. LOUIS,Northeast St. Louis,Northeast
27137X16123511,VIRGINIA REGIONAL HOSPITAL,Airport,271370130001.0,137.0,-92.548055,47.531389,27137,ST. LOUIS,Virginia,Northeast
27137X6934811,Tower Municipal,Airport,271370154004.0,137.0,-92.292,47.818,27137,ST. LOUIS,Breitung,Northeast
27137X6934911,Duluth Intl,Airport,271370003001.0,137.0,-92.194,46.84199,27137,ST. LOUIS,Duluth,Northeast
27137X6935011,Sky Harbor,Airport,271370022001.0,137.0,-92.04299,46.722,27137,ST. LOUIS,Duluth,Northeast
27137X6935111,Ely Muni,Airport,271370154001.0,137.0,-91.831,47.825,27137,ST. LOUIS,Morse,Northeast
27137X6935211,Eveleth-Virginia Muni,Airport,271370134003.0,137.0,-92.498,47.42499,27137,ST. LOUIS,Fayal,Northeast
27137X6935311,Chisholm-Hibbing,Airport,271370121005.0,137.0,-92.83899,47.387,27137,ST. LOUIS,Hibbing,Northeast
27137X6935411,Orr Regional,Airport,271370155003.0,137.0,-92.856,48.01599,27137,ST. LOUIS,Leiding,Northeast
27145X11115511,DON'S LANDING FIELD,Airport,271450112001.0,145.0,-94.3994,45.3675,27145,STEARNS,Luxemburg,Central
27145X11168111,SKALICKY AIRSTRIP,Airport,271450104022.0,145.0,-94.5756,45.6619,27145,STEARNS,Albany,Central
27145X11208011,SEVEN HILLS,Airport,271450112005.0,145.0,-94.0767,45.4125,27145,STEARNS,Lynden,Central
27145X11230311,BROOTEN MUNI,Airport,271450109004.0,145.0,-95.1128,45.5,27145,STEARNS,Crow Lake,Central
27145X11317911,SAUK CENTRE MUNI,Airport,271450115001.0,145.0,-94.9334,45.7066,27145,STEARNS,Ashley,Central
27145X12251411,PAYNESVILLE MUNI,Airport,271450110001.0,145.0,-94.7448,45.3721,27145,STEARNS,Paynesville,Central
27145X12452511,FEDOR,Airport,271450104031.0,145.0,-94.4575,45.7633,27145,STEARNS,Krain,Central
27147X11709211,UNDERLAND AIRSTRIP,Airport,271479601002.0,147.0,-93.2724,44.1527,27147,STEELE,Deerfield,Southeast
27147X16088711,ALLINA HOSPITAL & CLINIC OWATONNA,Airport,271479601001.0,147.0,-93.252,44.111436,27147,STEELE,Merton,Southeast
27147X7032311,Owatonna Degner Rgnl,Airport,271479601001.0,147.0,-93.261,44.123,27147,STEELE,Merton,Southeast
27149X11709011,BROWN'S PRIVATE,Airport,271494803001.0,149.0,-95.7835,45.5539,27149,STEVENS,Moore,Northwest
27149X7047211,Morris Muni,Airport,271494801003.0,149.0,-95.968,45.567,27149,STEVENS,Synnes,Northwest
27151X11061311,MURDOCK MUNI,Airport,271519601002.0,151.0,-95.4011,45.2222,27151,SWIFT,Dublin,Southwest
27151X11298711,APPLETON MUNI,Airport,271519604002.0,151.0,-96.0043,45.2275,27151,SWIFT,Shible,Southwest
27151X11366511,LORENZ,Airport,271519603002.0,151.0,-95.545,45.3,27151,SWIFT,Benson,Southwest
27151X11383011,HOME-BASE,Airport,271519604001.0,151.0,-95.9253,45.2388,27151,SWIFT,Moyer,Southwest
27151X6383011,Benson Muni,Airport,271519603001.0,151.0,-95.651,45.332,27151,SWIFT,Six Mile Grove,Southwest
27153X11035511,HAY ACRES,Airport,271537905003.0,153.0,-94.7607,45.9382,27153,TODD,Bruce,Northwest
27153X11200111,CLARISSA MUNI,Airport,271537904002.0,153.0,-94.9067,46.113,27153,TODD,Hartford,Northwest
27153X6290911,Todd Field,Airport,271537905001.0,153.0,-94.874,45.89899,27153,TODD,Round Prairie,Northwest
27155X11208211,RICK MATHIAS PRIVATE,Airport,271554602001.0,155.0,-96.3103,45.7194,27155,TRAVERSE,Parnell,Northwest
27155X11217011,TRAVERSE AIR,Airport,271554601001.0,155.0,-96.4009,45.9536,27155,TRAVERSE,Monson,Northwest
27155X11961111,ZIMMERMAN,Airport,271554601001.0,155.0,-96.3001,45.7936,27155,TRAVERSE,Monson,Northwest
27155X12453111,JOHNSONS AERO REPAIR,Airport,271554601001.0,155.0,-96.3915,45.7772,27155,TRAVERSE,Monson,Northwest
27155X6291411,Wheaton Muni,Airport,271554601001.0,155.0,-96.54399,45.77999,27155,TRAVERSE,Monson,Northwest
27157X11277611,ST ELIZABETH HOSPITAL,Airport,271574901002.0,157.0,-92.0486,44.3882,27157,WABASHA,Wabasha,Southeast
27157X11817411,CHRISTISON,Airport,271574905001.0,157.0,-92.2021,44.1586,27157,WABASHA,Oakwood,Southeast
27157X16123111,LAKE CITY MEDICAL CENTER,Airport,270490803001.0,49.0,-92.288147,44.460111,27049,GOODHUE,Florence,Southeast
27159X11367211,TRI-COUNTY,Airport,271594803001.0,159.0,-95.1331,46.4466,27159,WADENA,Leaf River,Northwest
27159X16085611,HUNTERSVILLE FIELD,Airport,271594801001.0,159.0,-94.852216,46.77605,27159,WADENA,Shell River,Northwest
27159X6306111,Staples Muni,Airport,271594802003.0,159.0,-94.80699,46.381,27159,WADENA,Thomastown,Northwest
27161X11585611,GALLER'S,Airport,271617901001.0,161.0,-93.7141,44.1866,27161,WASECA,Iosco,Southwest
27161X6771811,Waseca Muni,Airport,271617903001.0,161.0,-93.553,44.073,27161,WASECA,Alton,Southwest
27163X10978411,WINNER'S LANDING,Airport,271630714003.0,163.0,-92.9841,44.7969,27163,WASHINGTON,Cottage Grove,Metro (7 County)
27163X10979011,KELLER,Airport,271630702061.0,163.0,-92.8594,45.1358,27163,WASHINGTON,May,Metro (7 County)
27163X11064411,FOREST LAKE,Airport,271630701061.0,163.0,-92.9944,45.2477,27163,WASHINGTON,Forest Lake,Metro (7 County)
27163X11795411,MATTISON'S,Airport,271630701051.0,163.0,-92.9666,45.2818,27163,WASHINGTON,Forest Lake,Metro (7 County)
27163X12451711,WALKER FIELD,Airport,271630711021.0,163.0,-92.8125,44.9311,27163,WASHINGTON,Afton,Metro (7 County)
27163X6196511,Lake Elmo,Airport,271630707011.0,163.0,-92.856,44.997,27163,WASHINGTON,Baytown,Metro (7 County)
27165X11381811,SIEG'S FARM,Airport,271659503003.0,165.0,-94.4939,43.8941,27165,WATONWAN,South Branch,Southwest
27165X11804611,WATONWAN MEMORIAL HOSPITAL,Airport,271659502002.0,165.0,-94.6169,43.98,27165,WATONWAN,St. James,Southwest
27165X6136411,St James Municipal,Airport,271659503004.0,165.0,-94.55799,43.986,27165,WATONWAN,Rosendale,Southwest
27167X11035411,WETHERBEE FARM,Airport,271679501004.0,167.0,-96.5462,46.0436,27167,WILKIN,Brandrup,Northwest
27167X11078411,WETENKAMP,Airport,271679501004.0,167.0,-96.3628,46.0283,27167,WILKIN,Brandrup,Northwest
27167X11228011,YAGGIE PVT,Airport,271679501004.0,167.0,-96.4295,46.2777,27167,WILKIN,Brandrup,Northwest
27167X11280811,AG SPRAY INC,Airport,271679501001.0,167.0,-96.512,46.5766,27167,WILKIN,Deerhorn,Northwest
27167X12450111,NORD FIELD,Airport,271679501001.0,167.0,-96.6065,46.5833,27167,WILKIN,Deerhorn,Northwest
27169X12332611,COMMUNITY MEMORIAL HOSPITAL,Airport,271696706003.0,169.0,-91.6232,44.0325,27169,WINONA,Wilson,Southeast
27169X6210411,Winona Muni-Max Conrad Fld,Airport,271696702001.0,169.0,-91.708,44.077,27169,WINONA,Winona,Southeast
27171X11133311,SHADDUCK,Airport,271711004002.0,171.0,-94.0947,45.2922,27171,WRIGHT,Corinna,Central
27171X11133911,SCHUMACHER,Airport,271711011003.0,171.0,-93.9361,44.9844,27171,WRIGHT,Woodland,Central
27171X11150011,FREEDOM BASE,Airport,271711008012.0,171.0,-93.7287,45.1687,27171,WRIGHT,St. Michael,Central
27171X11235611,GALE'S,Airport,271711005002.0,171.0,-94.1625,45.2077,27171,WRIGHT,French Lake,Central
27171X12282811,MAPLE LAKE MUNI,Airport,271711007033.0,171.0,-93.9856,45.236,27171,WRIGHT,Maple Lake,Central
27171X12317911,BRANDT,Airport,271711010005.0,171.0,-93.8364,45.0473,27171,WRIGHT,Franklin,Central
27171X12467911,JOHNSON,Airport,271711009004.0,171.0,-93.74,45.1508,27171,WRIGHT,Rockford,Central
27171X6301911,Buffalo Muni,Airport,271711007023.0,171.0,-93.843,45.159,27171,WRIGHT,Buffalo,Central
27173X11201911,SANFORD CANBY MEDICAL CENTER,Airport,271739702002.0,173.0,-96.279,44.7074,27173,YELLOW MEDICINE,Norman,Southwest
27173X12450011,KOCH'S PERSONAL FIELD,Airport,271739703002.0,173.0,-96.0373,44.66,27173,YELLOW MEDICINE,Swede Prairie,Southwest
27173X12476511,GRANITE FALLS MUNI/LENZEN-ROE MEMORIAL FLD,Airport,271739701005.0,173.0,-95.556,44.7533,27173,YELLOW MEDICINE,Hazel Run,Southwest
27173X6303511,Myers Field,Airport,271739702001.0,173.0,-96.262,44.728,27173,YELLOW MEDICINE,Hammer,Southwest
